name,at,user_class,subcription_during_event,custom_answer_was,custom_question_marked_as
Performed Background Fetch,2023-11-14T12:13:12,fnp_testprep,Mo (1225),,
Viewed Category From Carousel,2023-11-14T03:23:26,fnp_testprep,Mo (1225),,
Tapped On Home Cell,2023-11-14T03:23:26,fnp_testprep,Mo (1225),,
Awarded Content Credits,2023-11-14T03:23:19,fnp_testprep,Mo (1225),,
Selected Nav Item,2023-11-14T03:23:19,fnp_testprep,Mo (1225),,
Notifications Enabled,2023-11-14T03:23:14,fnp_testprep,Mo (1225),,
Performed Background Fetch,2023-10-29T12:48:06,fnp_testprep,Mo (1225),,
Selected Nav Item,2023-10-29T11:44:58,fnp_testprep,Mo (1225),,
Viewed Profile Screen,2023-10-29T11:44:44,fnp_testprep,Mo (1225),,
Selected Nav Item,2023-10-29T11:44:39,fnp_testprep,Mo (1225),,
Awarded Content Credits,2023-10-29T11:44:39,fnp_testprep,Mo (1225),,
Notifications Enabled,2023-10-29T11:44:34,fnp_testprep,Mo (1225),,
Performed Background Fetch,2023-10-23T22:26:45,fnp_testprep,Mo (1225),,
Skipped Practice Question,2023-10-23T21:25:57,fnp_testprep,Mo (1225),,
Skipped Practice Question,2023-10-23T21:25:26,fnp_testprep,Mo (1225),,
Skipped Practice Question,2023-10-23T21:25:23,fnp_testprep,Mo (1225),,
Skipped Practice Question,2023-10-23T21:24:57,fnp_testprep,Mo (1225),,
Skipped Practice Question,2023-10-23T21:24:54,fnp_testprep,Mo (1225),,
Skipped Practice Question,2023-10-23T21:24:50,fnp_testprep,Mo (1225),,
Tagged Practice Question,2023-10-23T21:24:26,fnp_testprep,Mo (1225),incorrect,
Answered Practice Question,2023-10-23T21:23:47,fnp_testprep,Mo (1225),incorrect,
Tapped Previous Practice Question,2023-10-23T21:22:58,fnp_testprep,Mo (1225),,
Skipped Practice Question,2023-10-23T21:22:54,fnp_testprep,Mo (1225),,
Skipped Practice Question,2023-10-23T21:21:23,fnp_testprep,Mo (1225),,
Skipped Practice Question,2023-10-23T21:21:17,fnp_testprep,Mo (1225),,
Selected Category Tag Filter,2023-10-23T21:21:02,fnp_testprep,Mo (1225),,
Viewed Category From Carousel,2023-10-23T21:20:57,fnp_testprep,Mo (1225),,
Tapped On Home Cell,2023-10-23T21:20:57,fnp_testprep,Mo (1225),,
Awarded Content Credits,2023-10-23T21:20:44,fnp_testprep,Mo (1225),,
Selected Nav Item,2023-10-23T21:20:44,fnp_testprep,Mo (1225),,
Notifications Enabled,2023-10-23T21:20:40,fnp_testprep,Mo (1225),,
Notifications Enabled,2023-10-23T21:20:40,fnp_testprep,Mo (1225),,
Notifications Enabled,2023-10-23T21:20:40,fnp_testprep,Mo (1225),,
Tagged Practice Question,2023-10-23T11:39:59,fnp_testprep,Mo (1225),incorrect,
Expanded Answer Choice Rationale,2023-10-23T11:39:53,fnp_testprep,Mo (1225),,
Answered Practice Question,2023-10-23T11:39:51,fnp_testprep,Mo (1225),incorrect,
Skipped Practice Question,2023-10-23T11:39:34,fnp_testprep,Mo (1225),,
Skipped Practice Question,2023-10-23T11:39:33,fnp_testprep,Mo (1225),,
Skipped Practice Question,2023-10-23T11:39:31,fnp_testprep,Mo (1225),,
Skipped Practice Question,2023-10-23T11:39:30,fnp_testprep,Mo (1225),,
Skipped Practice Question,2023-10-23T11:39:27,fnp_testprep,Mo (1225),,
Tagged Practice Question,2023-10-23T11:39:26,fnp_testprep,Mo (1225),correct,
Answered Practice Question,2023-10-23T11:39:24,fnp_testprep,Mo (1225),correct,
Skipped Practice Question,2023-10-23T11:39:15,fnp_testprep,Mo (1225),,
Skipped Practice Question,2023-10-23T11:39:11,fnp_testprep,Mo (1225),,
Skipped Practice Question,2023-10-23T11:39:09,fnp_testprep,Mo (1225),,
Skipped Practice Question,2023-10-23T11:39:08,fnp_testprep,Mo (1225),,
Skipped Practice Question,2023-10-23T11:39:06,fnp_testprep,Mo (1225),,
Skipped Practice Question,2023-10-23T11:39:00,fnp_testprep,Mo (1225),,
Skipped Practice Question,2023-10-23T11:38:57,fnp_testprep,Mo (1225),,
Skipped Practice Question,2023-10-23T11:38:55,fnp_testprep,Mo (1225),,
Skipped Practice Question,2023-10-23T11:38:54,fnp_testprep,Mo (1225),,
Skipped Practice Question,2023-10-23T11:38:52,fnp_testprep,Mo (1225),,
Tagged Practice Question,2023-10-23T11:38:49,fnp_testprep,Mo (1225),correct,
Expanded Answer Choice Rationale,2023-10-23T11:38:30,fnp_testprep,Mo (1225),,
Tapped Show Question,2023-10-23T11:38:22,fnp_testprep,Mo (1225),,
Expanded Answer Choice Rationale,2023-10-23T11:38:16,fnp_testprep,Mo (1225),,
Answered Practice Question,2023-10-23T11:38:15,fnp_testprep,Mo (1225),correct,
Skipped Practice Question,2023-10-23T11:38:01,fnp_testprep,Mo (1225),,
Skipped Practice Question,2023-10-23T11:37:59,fnp_testprep,Mo (1225),,
Skipped Practice Question,2023-10-23T11:37:57,fnp_testprep,Mo (1225),,
Skipped Practice Question,2023-10-23T11:37:55,fnp_testprep,Mo (1225),,
Skipped Practice Question,2023-10-23T11:37:54,fnp_testprep,Mo (1225),,
Skipped Practice Question,2023-10-23T11:37:52,fnp_testprep,Mo (1225),,
Skipped Practice Question,2023-10-23T11:37:48,fnp_testprep,Mo (1225),,
Skipped Practice Question,2023-10-23T11:37:47,fnp_testprep,Mo (1225),,
Skipped Practice Question,2023-10-23T11:37:45,fnp_testprep,Mo (1225),,
Tagged Practice Question,2023-10-23T11:37:44,fnp_testprep,Mo (1225),correct,
Answered Practice Question,2023-10-23T11:37:41,fnp_testprep,Mo (1225),correct,
Tapped Previous Practice Question,2023-10-23T11:37:28,fnp_testprep,Mo (1225),,
Skipped Practice Question,2023-10-23T11:37:25,fnp_testprep,Mo (1225),,
Skipped Practice Question,2023-10-23T11:37:23,fnp_testprep,Mo (1225),,
Tagged Practice Question,2023-10-23T11:37:22,fnp_testprep,Mo (1225),correct,
Answered Practice Question,2023-10-23T11:37:20,fnp_testprep,Mo (1225),correct,
Skipped Practice Question,2023-10-23T11:37:12,fnp_testprep,Mo (1225),,
Skipped Practice Question,2023-10-23T11:37:10,fnp_testprep,Mo (1225),,
Skipped Practice Question,2023-10-23T11:37:09,fnp_testprep,Mo (1225),,
Selected Category Tag Filter,2023-10-23T11:37:04,fnp_testprep,Mo (1225),,
Viewed Category From Carousel,2023-10-23T11:37:02,fnp_testprep,Mo (1225),,
Tapped On Home Cell,2023-10-23T11:37:02,fnp_testprep,Mo (1225),,
Selected Category Tag Filter,2023-10-23T11:36:52,fnp_testprep,Mo (1225),,
Selected Category Tag Filter,2023-10-23T11:36:47,fnp_testprep,Mo (1225),,
Selected Category Tag Filter,2023-10-23T11:36:44,fnp_testprep,Mo (1225),,
Skipped Practice Question,2023-10-23T11:36:42,fnp_testprep,Mo (1225),,
Skipped Practice Question,2023-10-23T11:36:28,fnp_testprep,Mo (1225),,
Skipped Practice Question,2023-10-23T11:36:26,fnp_testprep,Mo (1225),,
Skipped Practice Question,2023-10-23T11:36:25,fnp_testprep,Mo (1225),,
Skipped Practice Question,2023-10-23T11:36:22,fnp_testprep,Mo (1225),,
Skipped Practice Question,2023-10-23T11:36:17,fnp_testprep,Mo (1225),,
Tagged Practice Question,2023-10-23T11:36:13,fnp_testprep,Mo (1225),correct,
Expanded Explanation,2023-10-23T11:36:11,fnp_testprep,Mo (1225),,
Expanded Answer Choice Rationale,2023-10-23T11:36:08,fnp_testprep,Mo (1225),,
Answered Practice Question,2023-10-23T11:36:07,fnp_testprep,Mo (1225),correct,
Tapped Previous Practice Question,2023-10-23T11:35:39,fnp_testprep,Mo (1225),,
Skipped Practice Question,2023-10-23T11:35:38,fnp_testprep,Mo (1225),,
Skipped Practice Question,2023-10-23T11:35:35,fnp_testprep,Mo (1225),,
Skipped Practice Question,2023-10-23T11:35:34,fnp_testprep,Mo (1225),,
Skipped Practice Question,2023-10-23T11:35:32,fnp_testprep,Mo (1225),,
Skipped Practice Question,2023-10-23T11:35:24,fnp_testprep,Mo (1225),,
Skipped Practice Question,2023-10-23T11:35:22,fnp_testprep,Mo (1225),,
Skipped Practice Question,2023-10-23T11:35:20,fnp_testprep,Mo (1225),,
Skipped Practice Question,2023-10-23T11:35:18,fnp_testprep,Mo (1225),,
Skipped Practice Question,2023-10-23T11:35:13,fnp_testprep,Mo (1225),,
Skipped Practice Question,2023-10-23T11:35:11,fnp_testprep,Mo (1225),,
Skipped Practice Question,2023-10-23T11:35:02,fnp_testprep,Mo (1225),,
Skipped Practice Question,2023-10-23T11:35:00,fnp_testprep,Mo (1225),,
Skipped Practice Question,2023-10-23T11:34:58,fnp_testprep,Mo (1225),,
Skipped Practice Question,2023-10-23T11:34:49,fnp_testprep,Mo (1225),,
Skipped Practice Question,2023-10-23T11:34:39,fnp_testprep,Mo (1225),,
Skipped Practice Question,2023-10-23T11:34:38,fnp_testprep,Mo (1225),,
Skipped Practice Question,2023-10-23T11:34:36,fnp_testprep,Mo (1225),,
Skipped Practice Question,2023-10-23T11:34:35,fnp_testprep,Mo (1225),,
Skipped Practice Question,2023-10-23T11:34:34,fnp_testprep,Mo (1225),,
Skipped Practice Question,2023-10-23T11:34:33,fnp_testprep,Mo (1225),,
Skipped Practice Question,2023-10-23T11:34:32,fnp_testprep,Mo (1225),,
Skipped Practice Question,2023-10-23T11:34:31,fnp_testprep,Mo (1225),,
Skipped Practice Question,2023-10-23T11:34:24,fnp_testprep,Mo (1225),,
Skipped Practice Question,2023-10-23T11:34:22,fnp_testprep,Mo (1225),,
Skipped Practice Question,2023-10-23T11:34:21,fnp_testprep,Mo (1225),,
Tagged Practice Question,2023-10-23T11:34:15,fnp_testprep,Mo (1225),correct,
Viewed Study Goals Completion Screen,2023-10-23T11:34:15,fnp_testprep,Mo (1225),,
Completed Goal,2023-10-23T11:34:15,fnp_testprep,Mo (1225),,
Expanded Answer Choice Rationale,2023-10-23T11:34:08,fnp_testprep,Mo (1225),,
Answered Practice Question,2023-10-23T11:34:06,fnp_testprep,Mo (1225),correct,
Tagged Practice Question,2023-10-23T11:34:00,fnp_testprep,Mo (1225),correct,
Expanded Explanation,2023-10-23T11:33:03,fnp_testprep,Mo (1225),,
Expanded Answer Choice Rationale,2023-10-23T11:32:39,fnp_testprep,Mo (1225),,
Answered Practice Question,2023-10-23T11:32:37,fnp_testprep,Mo (1225),correct,
Skipped Practice Question,2023-10-23T11:32:25,fnp_testprep,Mo (1225),,
Skipped Practice Question,2023-10-23T11:32:24,fnp_testprep,Mo (1225),,
Skipped Practice Question,2023-10-23T11:32:21,fnp_testprep,Mo (1225),,
Tagged Practice Question,2023-10-23T11:32:19,fnp_testprep,Mo (1225),correct,
Answered Practice Question,2023-10-23T11:32:17,fnp_testprep,Mo (1225),correct,
Tagged Practice Question,2023-10-23T11:32:07,fnp_testprep,Mo (1225),correct,
Answered Practice Question,2023-10-23T11:32:04,fnp_testprep,Mo (1225),correct,
Tagged Practice Question,2023-10-23T11:31:57,fnp_testprep,Mo (1225),correct,
Answered Practice Question,2023-10-23T11:31:55,fnp_testprep,Mo (1225),correct,
Skipped Practice Question,2023-10-23T11:31:45,fnp_testprep,Mo (1225),,
Skipped Practice Question,2023-10-23T11:31:36,fnp_testprep,Mo (1225),,
Tagged Practice Question,2023-10-23T11:31:30,fnp_testprep,Mo (1225),correct,
Expanded Explanation,2023-10-23T11:31:24,fnp_testprep,Mo (1225),,
Answered Practice Question,2023-10-23T11:31:21,fnp_testprep,Mo (1225),correct,
Skipped Practice Question,2023-10-23T11:30:59,fnp_testprep,Mo (1225),,
Skipped Practice Question,2023-10-23T11:30:57,fnp_testprep,Mo (1225),,
Skipped Practice Question,2023-10-23T11:30:56,fnp_testprep,Mo (1225),,
Skipped Practice Question,2023-10-23T11:30:55,fnp_testprep,Mo (1225),,
Skipped Practice Question,2023-10-23T11:30:52,fnp_testprep,Mo (1225),,
Skipped Practice Question,2023-10-23T11:30:39,fnp_testprep,Mo (1225),,
Skipped Practice Question,2023-10-23T11:30:35,fnp_testprep,Mo (1225),,
Skipped Practice Question,2023-10-23T11:30:33,fnp_testprep,Mo (1225),,
Skipped Practice Question,2023-10-23T11:30:28,fnp_testprep,Mo (1225),,
Skipped Practice Question,2023-10-23T11:30:22,fnp_testprep,Mo (1225),,
Tapped Previous Practice Question,2023-10-23T11:30:20,fnp_testprep,Mo (1225),,
Skipped Practice Question,2023-10-23T11:30:19,fnp_testprep,Mo (1225),,
Skipped Practice Question,2023-10-23T11:30:17,fnp_testprep,Mo (1225),,
Skipped Practice Question,2023-10-23T11:30:12,fnp_testprep,Mo (1225),,
Tagged Practice Question,2023-10-23T11:30:04,fnp_testprep,Mo (1225),correct,
Answered Practice Question,2023-10-23T11:30:02,fnp_testprep,Mo (1225),correct,
Skipped Practice Question,2023-10-23T11:29:51,fnp_testprep,Mo (1225),,
Selected Category Tag Filter,2023-10-23T11:29:46,fnp_testprep,Mo (1225),,
Tagged Practice Question,2023-10-23T11:29:44,fnp_testprep,Mo (1225),correct,
Answered Practice Question,2023-10-23T11:29:40,fnp_testprep,Mo (1225),correct,
Viewed Streak Animation,2023-10-23T11:29:21,fnp_testprep,Mo (1225),,
Tagged Practice Question,2023-10-23T11:29:21,fnp_testprep,Mo (1225),incorrect,
Expanded Answer Choice Rationale,2023-10-23T11:29:14,fnp_testprep,Mo (1225),,
Expanded Explanation,2023-10-23T11:26:51,fnp_testprep,Mo (1225),,
Expanded Answer Choice Rationale,2023-10-23T11:26:40,fnp_testprep,Mo (1225),,
Answered Practice Question,2023-10-23T11:26:37,fnp_testprep,Mo (1225),incorrect,
Selected Category Tag Filter,2023-10-23T11:26:17,fnp_testprep,Mo (1225),,
Selected Category Tag Filter,2023-10-23T11:26:11,fnp_testprep,Mo (1225),,
Tapped On Home Cell,2023-10-23T11:26:09,fnp_testprep,Mo (1225),,
Viewed Category From Carousel,2023-10-23T11:26:09,fnp_testprep,Mo (1225),,
Answered Practice Question,2023-10-23T11:26:02,fnp_testprep,Mo (1225),correct,
Tapped On Home Cell,2023-10-23T11:25:47,fnp_testprep,Mo (1225),,
Performed Background Fetch,2023-10-22T14:01:07,fnp_testprep,Mo (1225),,
Tagged Practice Question,2023-10-22T12:37:06,fnp_testprep,Mo (1225),incorrect,
Expanded Answer Choice Rationale,2023-10-22T12:36:49,fnp_testprep,Mo (1225),,
Expanded Answer Choice Rationale,2023-10-22T12:36:38,fnp_testprep,Mo (1225),,
Expanded Answer Choice Rationale,2023-10-22T12:36:31,fnp_testprep,Mo (1225),,
Expanded Answer Choice Rationale,2023-10-22T12:36:28,fnp_testprep,Mo (1225),,
Expanded Answer Choice Rationale,2023-10-22T12:36:24,fnp_testprep,Mo (1225),,
Expanded Answer Choice Rationale,2023-10-22T12:36:23,fnp_testprep,Mo (1225),,
Answered Practice Question,2023-10-22T12:36:20,fnp_testprep,Mo (1225),incorrect,
Tagged Practice Question,2023-10-22T12:35:23,fnp_testprep,Mo (1225),correct,
Expanded Explanation,2023-10-22T12:34:13,fnp_testprep,Mo (1225),,
Answered Practice Question,2023-10-22T12:34:10,fnp_testprep,Mo (1225),correct,
Tagged Practice Question,2023-10-22T12:33:55,fnp_testprep,Mo (1225),correct,
Expanded Explanation,2023-10-22T12:33:44,fnp_testprep,Mo (1225),,
Expanded Answer Choice Rationale,2023-10-22T12:33:37,fnp_testprep,Mo (1225),,
Expanded Answer Choice Rationale,2023-10-22T12:33:32,fnp_testprep,Mo (1225),,
Answered Practice Question,2023-10-22T12:33:30,fnp_testprep,Mo (1225),correct,
Tagged Practice Question,2023-10-22T12:33:02,fnp_testprep,Mo (1225),incorrect,
Expanded Answer Choice Rationale,2023-10-22T12:32:57,fnp_testprep,Mo (1225),,
Tapped Show Question,2023-10-22T12:32:26,fnp_testprep,Mo (1225),,
Expanded Explanation,2023-10-22T12:32:11,fnp_testprep,Mo (1225),,
Expanded Answer Choice Rationale,2023-10-22T12:32:03,fnp_testprep,Mo (1225),,
Answered Practice Question,2023-10-22T12:32:00,fnp_testprep,Mo (1225),incorrect,
Selected Category Tag Filter,2023-10-22T12:31:13,fnp_testprep,Mo (1225),,
Tagged Practice Question,2023-10-22T12:31:08,fnp_testprep,Mo (1225),incorrect,
Expanded Explanation,2023-10-22T12:30:49,fnp_testprep,Mo (1225),,
Expanded Answer Choice Rationale,2023-10-22T12:30:35,fnp_testprep,Mo (1225),,
Expanded Answer Choice Rationale,2023-10-22T12:30:31,fnp_testprep,Mo (1225),,
Answered Practice Question,2023-10-22T12:30:28,fnp_testprep,Mo (1225),incorrect,
Tagged Practice Question,2023-10-22T12:30:06,fnp_testprep,Mo (1225),incorrect,
Expanded Answer Choice Rationale,2023-10-22T12:26:28,fnp_testprep,Mo (1225),,
Expanded Answer Choice Rationale,2023-10-22T12:26:06,fnp_testprep,Mo (1225),,
Expanded Answer Choice Rationale,2023-10-22T12:25:53,fnp_testprep,Mo (1225),,
Expanded Answer Choice Rationale,2023-10-22T12:22:33,fnp_testprep,Mo (1225),,
Tapped Show Question,2023-10-22T12:22:00,fnp_testprep,Mo (1225),,
Performed Background Fetch,2023-10-22T09:28:53,fnp_testprep,Mo (1225),,
Expanded Explanation,2023-10-22T05:05:29,fnp_testprep,Mo (1225),,
Answered Practice Question,2023-10-22T05:05:20,fnp_testprep,Mo (1225),incorrect,
Tagged Practice Question,2023-10-22T05:05:14,fnp_testprep,Mo (1225),correct,
Expanded Answer Choice Rationale,2023-10-22T05:03:46,fnp_testprep,Mo (1225),,
Expanded Explanation,2023-10-22T05:03:40,fnp_testprep,Mo (1225),,
Answered Practice Question,2023-10-22T05:03:37,fnp_testprep,Mo (1225),correct,
Tagged Practice Question,2023-10-22T05:03:22,fnp_testprep,Mo (1225),correct,
Expanded Explanation,2023-10-22T05:02:58,fnp_testprep,Mo (1225),,
Expanded Answer Choice Rationale,2023-10-22T05:02:49,fnp_testprep,Mo (1225),,
Answered Practice Question,2023-10-22T05:02:48,fnp_testprep,Mo (1225),correct,
Tagged Practice Question,2023-10-22T05:02:28,fnp_testprep,Mo (1225),correct,
Expanded Explanation,2023-10-22T05:02:27,fnp_testprep,Mo (1225),,
Expanded Answer Choice Rationale,2023-10-22T05:02:25,fnp_testprep,Mo (1225),,
Answered Practice Question,2023-10-22T05:02:24,fnp_testprep,Mo (1225),correct,
Tagged Practice Question,2023-10-22T05:02:04,fnp_testprep,Mo (1225),correct,
Expanded Explanation,2023-10-22T05:02:01,fnp_testprep,Mo (1225),,
Expanded Answer Choice Rationale,2023-10-22T05:01:54,fnp_testprep,Mo (1225),,
Answered Practice Question,2023-10-22T05:01:52,fnp_testprep,Mo (1225),correct,
Tagged Practice Question,2023-10-22T05:01:28,fnp_testprep,Mo (1225),correct,
Answered Practice Question,2023-10-22T05:01:24,fnp_testprep,Mo (1225),correct,
Tagged Practice Question,2023-10-22T05:00:54,fnp_testprep,Mo (1225),correct,
Expanded Explanation,2023-10-22T05:00:51,fnp_testprep,Mo (1225),,
Expanded Answer Choice Rationale,2023-10-22T05:00:48,fnp_testprep,Mo (1225),,
Tagged Practice Question,2022-12-12T23:32:17,fnp_testprep,,incorrect,
Answered Practice Question,2022-12-12T23:30:44,fnp_testprep,,incorrect,
Used Content Credit,2022-12-12T23:30:44,fnp_testprep,,,
Tagged Practice Question,2022-12-12T23:30:11,fnp_testprep,,incorrect,
Used Content Credit,2022-12-12T23:29:44,fnp_testprep,,,
Answered Practice Question,2022-12-12T23:29:44,fnp_testprep,,incorrect,
Tagged Practice Question,2022-12-12T23:29:14,fnp_testprep,,incorrect,
Used Content Credit,2022-12-12T19:09:51,fnp_testprep,3  (1226),,
Answered Practice Question,2022-12-12T19:09:51,fnp_testprep,3  (1226),incorrect,
Tagged Practice Question,2022-12-12T19:09:06,fnp_testprep,3  (1226),correct,
Used Content Credit,2022-12-12T19:06:27,fnp_testprep,3  (1226),,
Answered Practice Question,2022-12-12T19:06:27,fnp_testprep,3  (1226),correct,
Tagged Practice Question,2022-12-12T19:05:13,fnp_testprep,3  (1226),incorrect,
Answered Practice Question,2022-12-12T19:02:17,fnp_testprep,3  (1226),incorrect,
Used Content Credit,2022-12-12T19:02:17,fnp_testprep,3  (1226),,
Tagged Practice Question,2022-12-12T19:00:52,fnp_testprep,3  (1226),incorrect,
Performed Background Fetch,2022-12-12T15:17:13,fnp_testprep,3  (1226),,
Answered Practice Question,2022-12-12T11:59:16,fnp_testprep,3  (1226),incorrect,
Viewed Streak Animation,2022-12-12T11:58:10,fnp_testprep,3  (1226),,
Tagged Practice Question,2022-12-12T11:58:10,fnp_testprep,3  (1226),correct,
Answered Practice Question,2022-12-12T11:56:22,fnp_testprep,3  (1226),correct,
Performed Background Fetch,2022-12-12T10:45:22,fnp_testprep,3  (1226),,
Answered Practice Question,2022-12-12T09:03:29,fnp_testprep,3  (1226),incorrect,
Tapped On Home Cell,2022-12-12T08:04:59,fnp_testprep,3  (1226),,
Adjusted Date Picker in Today Widget,2022-12-12T08:04:52,fnp_testprep,3  (1226),,
Adjusted Date Picker in Today Widget,2022-12-12T08:04:52,fnp_testprep,3  (1226),,
Adjusted Date Picker in Today Widget,2022-12-12T08:04:52,fnp_testprep,3  (1226),,
iRate - Rating Dialog displayed,2022-12-12T08:04:45,fnp_testprep,3  (1226),,
Selected Nav Item,2022-12-12T08:04:45,fnp_testprep,3  (1226),,
iRate - User asked to be reminded later to rate app,2022-12-12T08:04:45,fnp_testprep,3  (1226),,
Notifications Enabled,2022-12-12T08:04:44,fnp_testprep,3  (1226),,
Notifications Enabled,2022-12-12T08:04:44,fnp_testprep,3  (1226),,
Awarded Content Credits,2022-12-12T08:04:44,fnp_testprep,3  (1226),,
Performed Background Fetch,2022-12-11T10:53:14,fnp_testprep,3  (1226),,
Answered Practice Question,2022-12-11T08:57:09,fnp_testprep,3  (1226),incorrect,
Tagged Practice Question,2022-12-11T08:56:15,fnp_testprep,3  (1226),incorrect,
Answered Practice Question,2022-12-11T08:55:27,fnp_testprep,3  (1226),incorrect,
Tagged Practice Question,2022-12-11T08:54:29,fnp_testprep,3  (1226),correct,
Answered Practice Question,2022-12-11T08:53:15,fnp_testprep,3  (1226),correct,
Tagged Practice Question,2022-12-11T08:52:55,fnp_testprep,3  (1226),correct,
Answered Practice Question,2022-12-11T08:51:54,fnp_testprep,3  (1226),correct,
Tagged Practice Question,2022-12-11T08:51:31,fnp_testprep,3  (1226),correct,
Answered Practice Question,2022-12-11T08:50:44,fnp_testprep,3  (1226),correct,
Viewed Streak Animation,2022-12-11T08:50:24,fnp_testprep,3  (1226),,
Tagged Practice Question,2022-12-11T08:50:24,fnp_testprep,3  (1226),incorrect,
Answered Practice Question,2022-12-11T08:37:30,fnp_testprep,3  (1226),incorrect,
Adjusted Date Picker in Today Widget,2022-12-11T08:35:11,fnp_testprep,3  (1226),,
Started Practice Questions From Today Widget,2022-12-11T08:35:11,fnp_testprep,3  (1226),,
Adjusted Date Picker in Today Widget,2022-12-11T08:35:10,fnp_testprep,3  (1226),,
Adjusted Date Picker in Today Widget,2022-12-11T08:35:10,fnp_testprep,3  (1226),,
Adjusted Date Picker in Today Widget,2022-12-11T08:35:10,fnp_testprep,3  (1226),,
Received Message,2022-12-11T08:34:54,fnp_testprep,3  (1226),,
Notifications Enabled,2022-12-11T08:34:53,fnp_testprep,3  (1226),,
Notifications Enabled,2022-12-11T08:34:53,fnp_testprep,3  (1226),,
Selected Nav Item,2022-12-11T08:34:53,fnp_testprep,3  (1226),,
Awarded Content Credits,2022-12-11T08:34:53,fnp_testprep,3  (1226),,
Performed Background Fetch,2022-12-11T01:10:20,fnp_testprep,3  (1226),,
Answered Practice Question,2022-12-10T17:28:02,fnp_testprep,3  (1226),correct,
Skipped Practice Question,2022-12-10T17:27:56,fnp_testprep,3  (1226),,
Skipped Practice Question,2022-12-10T17:27:54,fnp_testprep,3  (1226),,
Skipped Practice Question,2022-12-10T17:27:52,fnp_testprep,3  (1226),,
Tapped Previous Practice Question,2022-12-10T17:27:48,fnp_testprep,3  (1226),,
Tapped Previous Practice Question,2022-12-10T17:27:44,fnp_testprep,3  (1226),,
Tapped Previous Practice Question,2022-12-10T17:27:43,fnp_testprep,3  (1226),,
Tagged Practice Question,2022-12-10T17:27:36,fnp_testprep,3  (1226),correct,
Answered Practice Question,2022-12-10T17:27:32,fnp_testprep,3  (1226),correct,
Tapped Previous Practice Question,2022-12-10T17:27:19,fnp_testprep,3  (1226),,
Tapped Previous Practice Question,2022-12-10T17:27:17,fnp_testprep,3  (1226),,
Tagged Practice Question,2022-12-10T17:27:15,fnp_testprep,3  (1226),incorrect,
Answered Practice Question,2022-12-10T17:26:15,fnp_testprep,3  (1226),incorrect,
Viewed Sponsored,2022-12-10T17:25:46,fnp_testprep,3  (1226),,
Tagged Practice Question,2022-12-10T17:25:46,fnp_testprep,3  (1226),incorrect,
Answered Practice Question,2022-12-10T17:24:42,fnp_testprep,3  (1226),incorrect,
Tagged Practice Question,2022-12-10T17:23:35,fnp_testprep,3  (1226),correct,
Answered Practice Question,2022-12-10T17:22:39,fnp_testprep,3  (1226),correct,
Tagged Practice Question,2022-12-10T17:22:00,fnp_testprep,3  (1226),incorrect,
Answered Practice Question,2022-12-10T17:18:50,fnp_testprep,3  (1226),incorrect,
Tagged Practice Question,2022-12-10T17:18:29,fnp_testprep,3  (1226),correct,
Viewed Streak Animation,2022-12-10T17:18:29,fnp_testprep,3  (1226),,
Answered Practice Question,2022-12-10T17:16:05,fnp_testprep,3  (1226),correct,
Awarded Content Credits,2022-12-10T17:15:29,fnp_testprep,3  (1226),,
Performed Background Fetch,2022-12-10T08:59:42,fnp_testprep,3  (1226),,
Tagged Practice Question,2022-12-10T04:10:37,fnp_testprep,3  (1226),incorrect,
Answered Practice Question,2022-12-10T04:09:39,fnp_testprep,3  (1226),incorrect,
Tagged Practice Question,2022-12-10T04:08:19,fnp_testprep,3  (1226),incorrect,
Answered Practice Question,2022-12-10T01:35:20,fnp_testprep,3  (1226),incorrect,
Tagged Practice Question,2022-12-10T01:34:45,fnp_testprep,3  (1226),correct,
Answered Practice Question,2022-12-10T01:33:14,fnp_testprep,3  (1226),correct,
Tagged Practice Question,2022-12-10T01:32:23,fnp_testprep,3  (1226),correct,
Answered Practice Question,2022-12-10T01:30:59,fnp_testprep,3  (1226),correct,
Tagged Practice Question,2022-12-10T01:30:26,fnp_testprep,3  (1226),correct,
Answered Practice Question,2022-12-09T17:30:19,fnp_testprep,3  (1226),correct,
Tagged Practice Question,2022-12-09T16:40:56,fnp_testprep,3  (1226),incorrect,
Hide/Show Comments,2022-12-09T16:33:35,fnp_testprep,3  (1226),,
Answered Practice Question,2022-12-09T16:33:07,fnp_testprep,3  (1226),incorrect,
Tagged Practice Question,2022-12-09T16:32:27,fnp_testprep,3  (1226),correct,
Answered Practice Question,2022-12-09T16:27:48,fnp_testprep,3  (1226),correct,
Tagged Practice Question,2022-12-09T16:27:32,fnp_testprep,3  (1226),incorrect,
Answered Practice Question,2022-12-09T16:14:40,fnp_testprep,3  (1226),incorrect,
Tagged Practice Question,2022-12-09T16:14:04,fnp_testprep,3  (1226),correct,
Answered Practice Question,2022-12-09T16:12:19,fnp_testprep,3  (1226),correct,
Viewed Streak Animation,2022-12-09T16:11:43,fnp_testprep,3  (1226),,
Tagged Practice Question,2022-12-09T16:11:42,fnp_testprep,3  (1226),incorrect,
Viewed AV Track,2022-12-09T16:02:22,fnp_testprep,3  (1226),,
Viewed AV Track,2022-12-09T16:00:23,fnp_testprep,3  (1226),,
Answered Practice Question,2022-12-09T15:58:08,fnp_testprep,3  (1226),incorrect,
Selected Checklist Item,2022-12-09T15:48:28,fnp_testprep,3  (1226),,
Accessed Checklist,2022-12-09T15:48:11,fnp_testprep,3  (1226),,
Viewed Widget,2022-12-09T15:48:11,fnp_testprep,3  (1226),,
Started Practice Questions From Today Widget,2022-12-09T15:47:57,fnp_testprep,3  (1226),,
Adjusted Date Picker in Today Widget,2022-12-09T15:47:55,fnp_testprep,3  (1226),,
Adjusted Date Picker in Today Widget,2022-12-09T15:47:52,fnp_testprep,3  (1226),,
Adjusted Date Picker in Today Widget,2022-12-09T15:47:52,fnp_testprep,3  (1226),,
Adjusted Date Picker in Today Widget,2022-12-09T15:47:52,fnp_testprep,3  (1226),,
Adjusted Date Picker in Today Widget,2022-12-09T15:47:50,fnp_testprep,3  (1226),,
Adjusted Date Picker in Today Widget,2022-12-09T15:47:49,fnp_testprep,3  (1226),,
Adjusted Date Picker in Today Widget,2022-12-09T15:47:49,fnp_testprep,3  (1226),,
Adjusted Date Picker in Today Widget,2022-12-09T15:47:49,fnp_testprep,3  (1226),,
Adjusted Date Picker in Today Widget,2022-12-09T15:47:34,fnp_testprep,3  (1226),,
Adjusted Date Picker in Today Widget,2022-12-09T15:47:33,fnp_testprep,3  (1226),,
Adjusted Date Picker in Today Widget,2022-12-09T15:47:33,fnp_testprep,3  (1226),,
Adjusted Date Picker in Today Widget,2022-12-09T15:47:33,fnp_testprep,3  (1226),,
Dismissed Preferred Subscription Screen,2022-12-09T15:47:24,fnp_testprep,3  (1226),,
Localytics Purchased,2022-12-09T15:47:20,fnp_testprep,3  (1226),,
Selected Subscription Type,2022-12-09T15:46:03,fnp_testprep,,,
Buy Button Pressed,2022-12-09T15:46:03,fnp_testprep,,,
Buy Button Pressed,2022-12-09T15:45:53,fnp_testprep,,,
Selected Subscription Type,2022-12-09T15:45:53,fnp_testprep,,,
Viewed Upgrade Screen,2022-12-09T15:45:51,fnp_testprep,,,
Viewed Membership Options,2022-12-09T15:45:51,fnp_testprep,,,
Buy Button Pressed,2022-12-09T15:41:42,fnp_testprep,,,
Selected Start Subscription,2022-12-09T15:41:42,fnp_testprep,,,
Selected Start Subscription,2022-12-09T15:41:22,fnp_testprep,,,
Buy Button Pressed,2022-12-09T15:41:22,fnp_testprep,,,
Viewed Benefit,2022-12-09T15:41:18,fnp_testprep,,,
Viewed Upgrade Screen,2022-12-09T15:41:18,fnp_testprep,,,
Tapped on Buy Widget,2022-12-09T15:41:18,fnp_testprep,,,
Viewed Preferred Subscription Screen,2022-12-09T15:41:18,fnp_testprep,,,
Selected Nav Item,2022-12-09T15:41:03,fnp_testprep,,,
Notifications Enabled,2022-12-09T15:41:02,fnp_testprep,,,
Notifications Enabled,2022-12-09T15:41:02,fnp_testprep,,,
Selected Subscription Type,2022-12-09T15:40:41,fnp_testprep,,,
Buy Button Pressed,2022-12-09T15:40:41,fnp_testprep,,,
Buy Button Pressed,2022-12-09T15:40:32,fnp_testprep,,,
Selected Subscription Type,2022-12-09T15:40:32,fnp_testprep,,,
Selected Subscription Type,2022-12-09T11:49:01,fnp_testprep,,,
Buy Button Pressed,2022-12-09T11:49:01,fnp_testprep,,,
Selected Subscription Type,2022-12-09T11:48:08,fnp_testprep,,,
Buy Button Pressed,2022-12-09T11:48:08,fnp_testprep,,,
Viewed Upgrade Screen,2022-12-09T11:44:42,fnp_testprep,,,
Viewed Upgrade Screen,2022-12-09T11:43:40,fnp_testprep,,,
Viewed Membership Options,2022-12-09T11:43:39,fnp_testprep,,,
Selected Start Subscription,2022-12-09T11:17:28,fnp_testprep,,,
Buy Button Pressed,2022-12-09T11:17:28,fnp_testprep,,,
Tapped on Buy Widget,2022-12-09T11:17:24,fnp_testprep,,,
Viewed Upgrade Screen,2022-12-09T11:17:24,fnp_testprep,,,
Viewed Benefit,2022-12-09T11:17:24,fnp_testprep,,,
Viewed Preferred Subscription Screen,2022-12-09T11:17:24,fnp_testprep,,,
Selected Nav Item,2022-12-09T11:17:04,fnp_testprep,,,
Notifications Enabled,2022-12-09T11:17:03,fnp_testprep,,,
Notifications Enabled,2022-12-09T11:17:03,fnp_testprep,,,
Buy Button Pressed,2022-12-09T05:22:20,fnp_testprep,,,
Selected Subscription Type,2022-12-09T05:22:20,fnp_testprep,,,
Viewed Membership Options,2022-12-09T05:21:58,fnp_testprep,,,
Viewed Upgrade Screen,2022-12-09T05:21:58,fnp_testprep,,,
Selected Start Subscription,2022-12-09T05:21:51,fnp_testprep,,,
Buy Button Pressed,2022-12-09T05:21:51,fnp_testprep,,,
Tapped on Buy Widget,2022-12-09T05:21:48,fnp_testprep,,,
Viewed Preferred Subscription Screen,2022-12-09T05:21:48,fnp_testprep,,,
Viewed Upgrade Screen,2022-12-09T05:21:48,fnp_testprep,,,
Viewed Benefit,2022-12-09T05:21:48,fnp_testprep,,,
iRate - User asked to be reminded later to rate app,2022-12-09T05:21:27,fnp_testprep,,,
Selected Nav Item,2022-12-09T05:21:27,fnp_testprep,,,
iRate - Rating Dialog displayed,2022-12-09T05:21:27,fnp_testprep,,,
Notifications Enabled,2022-12-09T05:21:27,fnp_testprep,,,
Notifications Enabled,2022-12-09T05:21:26,fnp_testprep,,,
Buy Button Pressed,2022-12-09T05:20:38,fnp_testprep,,,
Selected Subscription Type,2022-12-09T05:20:38,fnp_testprep,,,
Viewed Upgrade Screen,2022-12-09T05:20:27,fnp_testprep,,,
Viewed Membership Options,2022-12-09T05:20:26,fnp_testprep,,,
Buy Button Pressed,2022-12-09T05:20:19,fnp_testprep,,,
Selected Start Subscription,2022-12-09T05:20:19,fnp_testprep,,,
Awarded Content Credits,2022-12-09T05:20:14,fnp_testprep,,,
Viewed Upgrade Screen,2022-12-08T17:57:33,fnp_testprep,,,
Viewed Membership Options,2022-12-08T17:57:33,fnp_testprep,,,
Selected Start Subscription,2022-12-08T17:57:28,fnp_testprep,,,
Buy Button Pressed,2022-12-08T17:57:28,fnp_testprep,,,
Buy Button Pressed,2022-12-08T17:57:09,fnp_testprep,,,
Selected Start Subscription,2022-12-08T17:57:08,fnp_testprep,,,
Selected Nav Item,2022-12-08T17:57:04,fnp_testprep,,,
Viewed Upgrade Screen,2022-12-08T17:57:04,fnp_testprep,,,
Viewed Preferred Subscription Screen,2022-12-08T17:57:04,fnp_testprep,,,
Viewed Benefit,2022-12-08T17:57:04,fnp_testprep,,,
Adjusted Date Picker in Today Widget,2022-12-08T17:56:58,fnp_testprep,,,
Adjusted Date Picker in Today Widget,2022-12-08T17:56:58,fnp_testprep,,,
Adjusted Date Picker in Today Widget,2022-12-08T17:56:58,fnp_testprep,,,
Notifications Enabled,2022-12-08T17:56:52,fnp_testprep,,,
Selected Nav Item,2022-12-08T17:56:52,fnp_testprep,,,
Awarded Content Credits,2022-12-08T17:56:52,fnp_testprep,,,
Notifications Enabled,2022-12-08T17:56:52,fnp_testprep,,,
Answered Practice Question,2022-12-01T18:29:13,fnp_testprep,,incorrect,
Used Content Credit,2022-12-01T18:29:13,fnp_testprep,,,
Tagged Practice Question,2022-12-01T18:28:34,fnp_testprep,,incorrect,
Used Content Credit,2022-12-01T18:25:51,fnp_testprep,,,
Answered Practice Question,2022-12-01T18:25:51,fnp_testprep,,incorrect,
Tagged Practice Question,2022-12-01T18:24:50,fnp_testprep,,incorrect,
Used Content Credit,2022-12-01T18:22:05,fnp_testprep,,,
Answered Practice Question,2022-12-01T18:22:05,fnp_testprep,,incorrect,
Tagged Practice Question,2022-12-01T18:21:17,fnp_testprep,,incorrect,
Answered Practice Question,2022-12-01T10:08:49,fnp_testprep,,incorrect,
Used Content Credit,2022-12-01T10:08:48,fnp_testprep,,,
Tagged Practice Question,2022-12-01T10:07:40,fnp_testprep,,correct,
Used Content Credit,2022-12-01T10:06:08,fnp_testprep,,,
Answered Practice Question,2022-12-01T10:06:08,fnp_testprep,,correct,
Continued from QOTD,2022-12-01T10:05:35,fnp_testprep,,,
Viewed Streak Animation,2022-12-01T10:05:33,fnp_testprep,,,
Tagged Practice Question,2022-12-01T10:05:33,fnp_testprep,,correct,
Viewed QOTD Modal,2022-12-01T10:05:33,fnp_testprep,,,
Answered Practice Question,2022-12-01T10:04:53,fnp_testprep,,correct,
Selected QOTD Widget,2022-12-01T10:04:46,fnp_testprep,,,
Dismissed Preferred Subscription Screen,2022-12-01T10:04:29,fnp_testprep,,,
Viewed Membership Options,2022-12-01T10:04:13,fnp_testprep,,,
Viewed Upgrade Screen,2022-12-01T10:04:13,fnp_testprep,,,
Viewed Upgrade Screen,2022-12-01T09:37:12,fnp_testprep,,,
Viewed Upgrade Screen,2022-12-01T09:36:26,fnp_testprep,,,
Viewed Membership Options,2022-12-01T09:36:25,fnp_testprep,,,
Viewed Upgrade Screen,2022-12-01T09:36:14,fnp_testprep,,,
Viewed Preferred Subscription Screen,2022-12-01T09:36:14,fnp_testprep,,,
Viewed Benefit,2022-12-01T09:36:14,fnp_testprep,,,
Selected Nav Item,2022-12-01T09:36:13,fnp_testprep,,,
Dismissed Pre-Message Modal,2022-12-01T09:36:04,fnp_testprep,,,
Viewed Pre-Message Modal,2022-12-01T09:36:00,fnp_testprep,,,
Dismissed QOTD Modal,2022-12-01T09:35:59,fnp_testprep,,,
Awarded Content Credits,2022-12-01T09:35:55,fnp_testprep,,,
Viewed Streak Animation,2022-12-01T09:34:18,fnp_testprep,,,
Tagged Practice Question,2022-12-01T09:34:17,fnp_testprep,,incorrect,
Viewed QOTD Modal,2022-12-01T09:34:17,fnp_testprep,,,
Answered Practice Question,2022-12-01T09:32:50,fnp_testprep,,incorrect,
Selected QOTD Widget,2022-12-01T09:31:50,fnp_testprep,,,
Adjusted Date Picker in Today Widget,2022-12-01T09:31:08,fnp_testprep,,,
Adjusted Date Picker in Today Widget,2022-12-01T09:31:07,fnp_testprep,,,
Adjusted Date Picker in Today Widget,2022-12-01T09:31:07,fnp_testprep,,,
Adjusted Date Picker in Today Widget,2022-12-01T09:31:07,fnp_testprep,,,
Viewed Start Widget,2022-12-01T09:31:05,fnp_testprep,,,
Viewed Start Widget,2022-12-01T09:31:04,fnp_testprep,,,
Viewed Start Widget,2022-12-01T09:31:04,fnp_testprep,,,
Notifications Enabled,2022-12-01T09:31:03,fnp_testprep,,,
Notifications Enabled,2022-12-01T09:31:03,fnp_testprep,,,
Performed Background Fetch,2022-08-01T22:23:16,fnp_testprep,,,
Notifications Enabled,2022-08-01T21:23:03,fnp_testprep,,,
Notifications Enabled,2022-08-01T21:23:03,fnp_testprep,,,
Selected Nav Item,2022-04-13T17:41:12,fnp_testprep,,,
Viewed Upgrade Screen,2022-04-13T17:41:12,fnp_testprep,,,
Selected Nav Item,2022-04-13T17:41:11,fnp_testprep,,,
Viewed Upgrade Screen,2022-04-13T17:41:09,fnp_testprep,,,
Viewed Preferred Subscription Screen,2022-04-13T17:41:09,fnp_testprep,,,
Awarded Content Credits,2022-04-13T17:41:09,fnp_testprep,,,
Performed Background Fetch,2022-04-13T17:41:09,fnp_testprep,,,
Viewed Benefit,2022-04-13T17:41:09,fnp_testprep,,,
Used Content Credit,2022-04-12T18:10:08,fnp_testprep,,,
Answered Practice Question,2022-04-12T18:10:08,fnp_testprep,,incorrect,
Tagged Practice Question,2022-04-12T18:09:22,fnp_testprep,,correct,
Answered Practice Question,2022-04-12T18:08:56,fnp_testprep,,correct,
Used Content Credit,2022-04-12T18:08:56,fnp_testprep,,,
Selected Rate Limit Widget,2022-04-12T18:08:39,fnp_testprep,,,
Viewed Dashboard,2022-04-12T18:08:21,fnp_testprep,,,
Viewed Topic Category,2022-04-12T18:08:18,fnp_testprep,,,
Opened Search,2022-04-12T18:08:18,fnp_testprep,,,
Selected Nav Item,2022-04-12T18:08:10,fnp_testprep,,,
Apptimize experiment,2022-04-12T18:07:41,fnp_testprep,,,
Localytics Registered,2022-04-12T18:07:21,fnp_testprep,,,
Selected Nav Item,2022-04-12T18:07:21,fnp_testprep,,,
Awarded Content Credits,2022-04-12T18:07:21,fnp_testprep,,,
Viewed Upgrade Screen,2022-04-12T18:07:21,fnp_testprep,,,
Selected Nav Item,2022-04-12T18:07:21,fnp_testprep,,,
Viewed Dashboard,2022-04-12T18:07:21,fnp_testprep,,,
